Time,Sunburn
0,0
4,0.0014
5,0.001825
12,0.0045375
14,0.0053125
